id,user_id,workout_id,tanggal,state_snapshot,mood,strategi,feedback,next_state,created_at,updated_at,reward
1,14,21,2025-07-22,"{
    ""usia"": ""Dewasa"",
    ""jenis_kelamin"": ""Pria"",
    ""kategori_bmi"": ""Berat badan normal"",
    ""kondisi_kesehatan"": ""Normal"",
    ""tingkat_kebugaran"": ""Sedang"",
    ""jenis_olahraga_favorit"": ""Kardio"",
    ""tujuan_workout"": ""Meningkatkan Massa Otot & Kekuatan"",
    ""durasi_latihan"": ""<=30 menit"",
    ""kelengkapan_alat"": ""Dasar"",
    ""mood"": ""Bagus"",
    ""user_id"": 14
}",Bagus,explore,5,"{
    ""usia"": ""Dewasa"",
    ""jenis_kelamin"": ""Pria"",
    ""kategori_bmi"": ""Berat badan normal"",
    ""kondisi_kesehatan"": ""Normal"",
    ""tingkat_kebugaran"": ""Sedang"",
    ""jenis_olahraga_favorit"": ""Kardio"",
    ""tujuan_workout"": ""Meningkatkan Massa Otot & Kekuatan"",
    ""durasi_latihan"": ""<=30 menit"",
    ""kelengkapan_alat"": ""Dasar""
}",2025-07-22 13:14:16,2025-07-22 13:14:33,0
2,14,23,2025-07-22,"{
    ""usia"": ""Dewasa"",
    ""jenis_kelamin"": ""Pria"",
    ""kategori_bmi"": ""Berat badan normal"",
    ""kondisi_kesehatan"": ""Normal"",
    ""tingkat_kebugaran"": ""Sedang"",
    ""jenis_olahraga_favorit"": ""Kardio"",
    ""tujuan_workout"": ""Meningkatkan Massa Otot & Kekuatan"",
    ""durasi_latihan"": ""<=30 menit"",
    ""kelengkapan_alat"": ""Dasar"",
    ""mood"": ""Bagus"",
    ""user_id"": 14
}",Bagus,explore,2,"{
    ""usia"": ""Dewasa"",
    ""jenis_kelamin"": ""Pria"",
    ""kategori_bmi"": ""Berat badan normal"",
    ""kondisi_kesehatan"": ""Normal"",
    ""tingkat_kebugaran"": ""Sedang"",
    ""jenis_olahraga_favorit"": ""Kardio"",
    ""tujuan_workout"": ""Meningkatkan Massa Otot & Kekuatan"",
    ""durasi_latihan"": ""<=30 menit"",
    ""kelengkapan_alat"": ""Dasar""
}",2025-07-22 13:15:47,2025-07-22 13:15:53,0
3,14,15,2025-07-22,"{
    ""usia"": ""Dewasa"",
    ""jenis_kelamin"": ""Pria"",
    ""kategori_bmi"": ""Berat badan normal"",
    ""kondisi_kesehatan"": ""Normal"",
    ""tingkat_kebugaran"": ""Sedang"",
    ""jenis_olahraga_favorit"": ""Kardio"",
    ""tujuan_workout"": ""Meningkatkan Massa Otot & Kekuatan"",
    ""durasi_latihan"": ""<=30 menit"",
    ""kelengkapan_alat"": ""Dasar"",
    ""mood"": ""Bagus"",
    ""user_id"": 14
}",Bagus,exploit,2,"{
    ""usia"": ""Dewasa"",
    ""jenis_kelamin"": ""Pria"",
    ""kategori_bmi"": ""Berat badan normal"",
    ""kondisi_kesehatan"": ""Normal"",
    ""tingkat_kebugaran"": ""Sedang"",
    ""jenis_olahraga_favorit"": ""Kardio"",
    ""tujuan_workout"": ""Meningkatkan Massa Otot & Kekuatan"",
    ""durasi_latihan"": ""<=30 menit"",
    ""kelengkapan_alat"": ""Dasar""
}",2025-07-22 13:15:55,2025-07-22 13:16:02,0
4,14,26,2025-07-22,"{
    ""usia"": ""Dewasa"",
    ""jenis_kelamin"": ""Pria"",
    ""kategori_bmi"": ""Berat badan normal"",
    ""kondisi_kesehatan"": ""Normal"",
    ""tingkat_kebugaran"": ""Sedang"",
    ""jenis_olahraga_favorit"": ""Kardio"",
    ""tujuan_workout"": ""Meningkatkan Massa Otot & Kekuatan"",
    ""durasi_latihan"": ""<=30 menit"",
    ""kelengkapan_alat"": ""Dasar"",
    ""mood"": ""Bagus"",
    ""user_id"": 14
}",Bagus,explore,-5,"{
    ""usia"": ""Dewasa"",
    ""jenis_kelamin"": ""Pria"",
    ""kategori_bmi"": ""Berat badan normal"",
    ""kondisi_kesehatan"": ""Normal"",
    ""tingkat_kebugaran"": ""Sedang"",
    ""jenis_olahraga_favorit"": ""Kardio"",
    ""tujuan_workout"": ""Meningkatkan Massa Otot & Kekuatan"",
    ""durasi_latihan"": ""<=30 menit"",
    ""kelengkapan_alat"": ""Dasar""
}",2025-07-22 13:16:04,2025-07-22 13:16:07,0
5,14,16,2025-07-22,"{
    ""usia"": ""Dewasa"",
    ""jenis_kelamin"": ""Pria"",
    ""kategori_bmi"": ""Berat badan normal"",
    ""kondisi_kesehatan"": ""Normal"",
    ""tingkat_kebugaran"": ""Sedang"",
    ""jenis_olahraga_favorit"": ""Kardio"",
    ""tujuan_workout"": ""Meningkatkan Massa Otot & Kekuatan"",
    ""durasi_latihan"": ""<=30 menit"",
    ""kelengkapan_alat"": ""Dasar"",
    ""mood"": ""Bagus"",
    ""user_id"": 14
}",Bagus,explore,5,"{
    ""usia"": ""Dewasa"",
    ""jenis_kelamin"": ""Pria"",
    ""kategori_bmi"": ""Berat badan normal"",
    ""kondisi_kesehatan"": ""Normal"",
    ""tingkat_kebugaran"": ""Sedang"",
    ""jenis_olahraga_favorit"": ""Kardio"",
    ""tujuan_workout"": ""Meningkatkan Massa Otot & Kekuatan"",
    ""durasi_latihan"": ""<=30 menit"",
    ""kelengkapan_alat"": ""Dasar""
}",2025-07-22 13:16:10,2025-07-22 13:16:15,0
6,14,24,2025-07-22,"{
    ""usia"": ""Dewasa"",
    ""jenis_kelamin"": ""Pria"",
    ""kategori_bmi"": ""Berat badan normal"",
    ""kondisi_kesehatan"": ""Normal"",
    ""tingkat_kebugaran"": ""Sedang"",
    ""jenis_olahraga_favorit"": ""Kardio"",
    ""tujuan_workout"": ""Meningkatkan Massa Otot & Kekuatan"",
    ""durasi_latihan"": ""<=30 menit"",
    ""kelengkapan_alat"": ""Dasar"",
    ""mood"": ""Bagus"",
    ""user_id"": 14
}",Bagus,explore,5,"{
    ""usia"": ""Dewasa"",
    ""jenis_kelamin"": ""Pria"",
    ""kategori_bmi"": ""Berat badan normal"",
    ""kondisi_kesehatan"": ""Normal"",
    ""tingkat_kebugaran"": ""Sedang"",
    ""jenis_olahraga_favorit"": ""Kardio"",
    ""tujuan_workout"": ""Meningkatkan Massa Otot & Kekuatan"",
    ""durasi_latihan"": ""<=30 menit"",
    ""kelengkapan_alat"": ""Dasar""
}",2025-07-22 13:16:18,2025-07-22 13:16:21,0
7,14,19,2025-07-22,"{
    ""usia"": ""Dewasa"",
    ""jenis_kelamin"": ""Pria"",
    ""kategori_bmi"": ""Berat badan normal"",
    ""kondisi_kesehatan"": ""Normal"",
    ""tingkat_kebugaran"": ""Sedang"",
    ""jenis_olahraga_favorit"": ""Kardio"",
    ""tujuan_workout"": ""Meningkatkan Massa Otot & Kekuatan"",
    ""durasi_latihan"": ""<=30 menit"",
    ""kelengkapan_alat"": ""Dasar"",
    ""mood"": ""Bagus"",
    ""user_id"": 14
}",Bagus,explore,2,"{
    ""usia"": ""Dewasa"",
    ""jenis_kelamin"": ""Pria"",
    ""kategori_bmi"": ""Berat badan normal"",
    ""kondisi_kesehatan"": ""Normal"",
    ""tingkat_kebugaran"": ""Sedang"",
    ""jenis_olahraga_favorit"": ""Kardio"",
    ""tujuan_workout"": ""Meningkatkan Massa Otot & Kekuatan"",
    ""durasi_latihan"": ""<=30 menit"",
    ""kelengkapan_alat"": ""Dasar""
}",2025-07-22 13:16:44,2025-07-22 13:16:48,0
8,14,22,2025-07-22,"{
    ""usia"": ""Dewasa"",
    ""jenis_kelamin"": ""Pria"",
    ""kategori_bmi"": ""Berat badan normal"",
    ""kondisi_kesehatan"": ""Normal"",
    ""tingkat_kebugaran"": ""Sedang"",
    ""jenis_olahraga_favorit"": ""Kardio"",
    ""tujuan_workout"": ""Meningkatkan Massa Otot & Kekuatan"",
    ""durasi_latihan"": ""<=30 menit"",
    ""kelengkapan_alat"": ""Dasar"",
    ""mood"": ""Bagus"",
    ""user_id"": 14
}",Bagus,explore,-5,"{
    ""usia"": ""Dewasa"",
    ""jenis_kelamin"": ""Pria"",
    ""kategori_bmi"": ""Berat badan normal"",
    ""kondisi_kesehatan"": ""Normal"",
    ""tingkat_kebugaran"": ""Sedang"",
    ""jenis_olahraga_favorit"": ""Kardio"",
    ""tujuan_workout"": ""Meningkatkan Massa Otot & Kekuatan"",
    ""durasi_latihan"": ""<=30 menit"",
    ""kelengkapan_alat"": ""Dasar""
}",2025-07-22 13:16:50,2025-07-22 13:16:55,0
9,14,16,2025-07-22,"{
    ""usia"": ""Dewasa"",
    ""jenis_kelamin"": ""Pria"",
    ""kategori_bmi"": ""Berat badan normal"",
    ""kondisi_kesehatan"": ""Normal"",
    ""tingkat_kebugaran"": ""Sedang"",
    ""jenis_olahraga_favorit"": ""Kardio"",
    ""tujuan_workout"": ""Meningkatkan Massa Otot & Kekuatan"",
    ""durasi_latihan"": ""<=30 menit"",
    ""kelengkapan_alat"": ""Dasar"",
    ""mood"": ""Bagus"",
    ""user_id"": 14
}",Bagus,exploit,5,"{
    ""usia"": ""Dewasa"",
    ""jenis_kelamin"": ""Pria"",
    ""kategori_bmi"": ""Berat badan normal"",
    ""kondisi_kesehatan"": ""Normal"",
    ""tingkat_kebugaran"": ""Sedang"",
    ""jenis_olahraga_favorit"": ""Kardio"",
    ""tujuan_workout"": ""Meningkatkan Massa Otot & Kekuatan"",
    ""durasi_latihan"": ""<=30 menit"",
    ""kelengkapan_alat"": ""Dasar""
}",2025-07-22 13:17:03,2025-07-22 13:17:08,0
10,14,20,2025-07-22,"{
    ""usia"": ""Dewasa"",
    ""jenis_kelamin"": ""Pria"",
    ""kategori_bmi"": ""Berat badan normal"",
    ""kondisi_kesehatan"": ""Normal"",
    ""tingkat_kebugaran"": ""Sedang"",
    ""jenis_olahraga_favorit"": ""Kardio"",
    ""tujuan_workout"": ""Meningkatkan Massa Otot & Kekuatan"",
    ""durasi_latihan"": ""<=30 menit"",
    ""kelengkapan_alat"": ""Dasar"",
    ""mood"": ""Bagus"",
    ""user_id"": 14
}",Bagus,explore,5,"{
    ""usia"": ""Dewasa"",
    ""jenis_kelamin"": ""Pria"",
    ""kategori_bmi"": ""Berat badan normal"",
    ""kondisi_kesehatan"": ""Normal"",
    ""tingkat_kebugaran"": ""Sedang"",
    ""jenis_olahraga_favorit"": ""Kardio"",
    ""tujuan_workout"": ""Meningkatkan Massa Otot & Kekuatan"",
    ""durasi_latihan"": ""<=30 menit"",
    ""kelengkapan_alat"": ""Dasar""
}",2025-07-22 13:17:11,2025-07-22 13:17:15,0
11,14,3,2025-07-22,"{
    ""usia"": ""Dewasa"",
    ""jenis_kelamin"": ""Pria"",
    ""kategori_bmi"": ""Berat badan normal"",
    ""kondisi_kesehatan"": ""Normal"",
    ""tingkat_kebugaran"": ""Sedang"",
    ""jenis_olahraga_favorit"": ""Kardio"",
    ""tujuan_workout"": ""Meningkatkan Kebugaran Kardiovaskular"",
    ""durasi_latihan"": ""<=30 menit"",
    ""kelengkapan_alat"": ""Dasar"",
    ""mood"": ""Bagus"",
    ""user_id"": 14
}",Bagus,explore,-5,"{
    ""usia"": ""Dewasa"",
    ""jenis_kelamin"": ""Pria"",
    ""kategori_bmi"": ""Berat badan normal"",
    ""kondisi_kesehatan"": ""Normal"",
    ""tingkat_kebugaran"": ""Sedang"",
    ""jenis_olahraga_favorit"": ""Kardio"",
    ""tujuan_workout"": ""Meningkatkan Kebugaran Kardiovaskular"",
    ""durasi_latihan"": ""<=30 menit"",
    ""kelengkapan_alat"": ""Dasar""
}",2025-07-22 13:18:32,2025-07-22 13:18:37,0
12,14,1,2025-07-22,"{
    ""usia"": ""Dewasa"",
    ""jenis_kelamin"": ""Pria"",
    ""kategori_bmi"": ""Berat badan normal"",
    ""kondisi_kesehatan"": ""Normal"",
    ""tingkat_kebugaran"": ""Sedang"",
    ""jenis_olahraga_favorit"": ""Kardio"",
    ""tujuan_workout"": ""Meningkatkan Kebugaran Kardiovaskular"",
    ""durasi_latihan"": ""<=30 menit"",
    ""kelengkapan_alat"": ""Dasar"",
    ""mood"": ""Bagus"",
    ""user_id"": 14
}",Bagus,explore,2,"{
    ""usia"": ""Dewasa"",
    ""jenis_kelamin"": ""Pria"",
    ""kategori_bmi"": ""Berat badan normal"",
    ""kondisi_kesehatan"": ""Normal"",
    ""tingkat_kebugaran"": ""Sedang"",
    ""jenis_olahraga_favorit"": ""Kardio"",
    ""tujuan_workout"": ""Meningkatkan Kebugaran Kardiovaskular"",
    ""durasi_latihan"": ""<=30 menit"",
    ""kelengkapan_alat"": ""Dasar""
}",2025-07-22 13:18:39,2025-07-22 13:18:42,0
13,14,2,2025-07-22,"{
    ""usia"": ""Dewasa"",
    ""jenis_kelamin"": ""Pria"",
    ""kategori_bmi"": ""Berat badan normal"",
    ""kondisi_kesehatan"": ""Normal"",
    ""tingkat_kebugaran"": ""Sedang"",
    ""jenis_olahraga_favorit"": ""Kardio"",
    ""tujuan_workout"": ""Meningkatkan Kebugaran Kardiovaskular"",
    ""durasi_latihan"": ""<=30 menit"",
    ""kelengkapan_alat"": ""Dasar"",
    ""mood"": ""Bagus"",
    ""user_id"": 14
}",Bagus,exploit,5,"{
    ""usia"": ""Dewasa"",
    ""jenis_kelamin"": ""Pria"",
    ""kategori_bmi"": ""Berat badan normal"",
    ""kondisi_kesehatan"": ""Normal"",
    ""tingkat_kebugaran"": ""Sedang"",
    ""jenis_olahraga_favorit"": ""Kardio"",
    ""tujuan_workout"": ""Meningkatkan Kebugaran Kardiovaskular"",
    ""durasi_latihan"": ""<=30 menit"",
    ""kelengkapan_alat"": ""Dasar""
}",2025-07-22 13:18:45,2025-07-22 13:18:47,0
14,14,8,2025-07-22,"{
    ""usia"": ""Dewasa"",
    ""jenis_kelamin"": ""Pria"",
    ""kategori_bmi"": ""Berat badan normal"",
    ""kondisi_kesehatan"": ""Normal"",
    ""tingkat_kebugaran"": ""Sedang"",
    ""jenis_olahraga_favorit"": ""Kardio"",
    ""tujuan_workout"": ""Meningkatkan Kebugaran Kardiovaskular"",
    ""durasi_latihan"": ""<=30 menit"",
    ""kelengkapan_alat"": ""Dasar"",
    ""mood"": ""Bagus"",
    ""user_id"": 14
}",Bagus,explore,-5,"{
    ""usia"": ""Dewasa"",
    ""jenis_kelamin"": ""Pria"",
    ""kategori_bmi"": ""Berat badan normal"",
    ""kondisi_kesehatan"": ""Normal"",
    ""tingkat_kebugaran"": ""Sedang"",
    ""jenis_olahraga_favorit"": ""Kardio"",
    ""tujuan_workout"": ""Meningkatkan Kebugaran Kardiovaskular"",
    ""durasi_latihan"": ""<=30 menit"",
    ""kelengkapan_alat"": ""Dasar""
}",2025-07-22 13:18:50,2025-07-22 13:18:54,0
15,14,7,2025-07-22,"{
    ""usia"": ""Dewasa"",
    ""jenis_kelamin"": ""Pria"",
    ""kategori_bmi"": ""Berat badan normal"",
    ""kondisi_kesehatan"": ""Normal"",
    ""tingkat_kebugaran"": ""Sedang"",
    ""jenis_olahraga_favorit"": ""Kardio"",
    ""tujuan_workout"": ""Meningkatkan Kebugaran Kardiovaskular"",
    ""durasi_latihan"": ""<=30 menit"",
    ""kelengkapan_alat"": ""Dasar"",
    ""mood"": ""Bagus"",
    ""user_id"": 14
}",Bagus,explore,5,"{
    ""usia"": ""Dewasa"",
    ""jenis_kelamin"": ""Pria"",
    ""kategori_bmi"": ""Berat badan normal"",
    ""kondisi_kesehatan"": ""Normal"",
    ""tingkat_kebugaran"": ""Sedang"",
    ""jenis_olahraga_favorit"": ""Kardio"",
    ""tujuan_workout"": ""Meningkatkan Kebugaran Kardiovaskular"",
    ""durasi_latihan"": ""<=30 menit"",
    ""kelengkapan_alat"": ""Dasar""
}",2025-07-22 13:18:56,2025-07-22 13:19:01,0
16,14,10,2025-07-22,"{
    ""usia"": ""Dewasa"",
    ""jenis_kelamin"": ""Pria"",
    ""kategori_bmi"": ""Berat badan normal"",
    ""kondisi_kesehatan"": ""Normal"",
    ""tingkat_kebugaran"": ""Sedang"",
    ""jenis_olahraga_favorit"": ""Kardio"",
    ""tujuan_workout"": ""Meningkatkan Kebugaran Kardiovaskular"",
    ""durasi_latihan"": ""<=30 menit"",
    ""kelengkapan_alat"": ""Dasar"",
    ""mood"": ""Bagus"",
    ""user_id"": 14
}",Bagus,explore,5,"{
    ""usia"": ""Dewasa"",
    ""jenis_kelamin"": ""Pria"",
    ""kategori_bmi"": ""Berat badan normal"",
    ""kondisi_kesehatan"": ""Normal"",
    ""tingkat_kebugaran"": ""Sedang"",
    ""jenis_olahraga_favorit"": ""Kardio"",
    ""tujuan_workout"": ""Meningkatkan Kebugaran Kardiovaskular"",
    ""durasi_latihan"": ""<=30 menit"",
    ""kelengkapan_alat"": ""Dasar""
}",2025-07-22 13:19:05,2025-07-22 13:19:11,0
17,14,4,2025-07-22,"{
    ""usia"": ""Dewasa"",
    ""jenis_kelamin"": ""Pria"",
    ""kategori_bmi"": ""Berat badan normal"",
    ""kondisi_kesehatan"": ""Normal"",
    ""tingkat_kebugaran"": ""Sedang"",
    ""jenis_olahraga_favorit"": ""Kardio"",
    ""tujuan_workout"": ""Meningkatkan Kebugaran Kardiovaskular"",
    ""durasi_latihan"": ""<=30 menit"",
    ""kelengkapan_alat"": ""Dasar"",
    ""mood"": ""Bagus"",
    ""user_id"": 14
}",Bagus,explore,2,"{
    ""usia"": ""Dewasa"",
    ""jenis_kelamin"": ""Pria"",
    ""kategori_bmi"": ""Berat badan normal"",
    ""kondisi_kesehatan"": ""Normal"",
    ""tingkat_kebugaran"": ""Sedang"",
    ""jenis_olahraga_favorit"": ""Kardio"",
    ""tujuan_workout"": ""Meningkatkan Kebugaran Kardiovaskular"",
    ""durasi_latihan"": ""<=30 menit"",
    ""kelengkapan_alat"": ""Dasar""
}",2025-07-22 13:19:13,2025-07-22 13:19:16,0
18,14,3,2025-07-22,"{
    ""usia"": ""Dewasa"",
    ""jenis_kelamin"": ""Pria"",
    ""kategori_bmi"": ""Berat badan normal"",
    ""kondisi_kesehatan"": ""Normal"",
    ""tingkat_kebugaran"": ""Sedang"",
    ""jenis_olahraga_favorit"": ""Kardio"",
    ""tujuan_workout"": ""Meningkatkan Kebugaran Kardiovaskular"",
    ""durasi_latihan"": ""<=30 menit"",
    ""kelengkapan_alat"": ""Dasar"",
    ""mood"": ""Bagus"",
    ""user_id"": 14
}",Bagus,explore,-5,"{
    ""usia"": ""Dewasa"",
    ""jenis_kelamin"": ""Pria"",
    ""kategori_bmi"": ""Berat badan normal"",
    ""kondisi_kesehatan"": ""Normal"",
    ""tingkat_kebugaran"": ""Sedang"",
    ""jenis_olahraga_favorit"": ""Kardio"",
    ""tujuan_workout"": ""Meningkatkan Kebugaran Kardiovaskular"",
    ""durasi_latihan"": ""<=30 menit"",
    ""kelengkapan_alat"": ""Dasar""
}",2025-07-22 13:19:18,2025-07-22 13:19:22,0
19,14,11,2025-07-22,"{
    ""usia"": ""Dewasa"",
    ""jenis_kelamin"": ""Pria"",
    ""kategori_bmi"": ""Berat badan normal"",
    ""kondisi_kesehatan"": ""Normal"",
    ""tingkat_kebugaran"": ""Sedang"",
    ""jenis_olahraga_favorit"": ""Kardio"",
    ""tujuan_workout"": ""Meningkatkan Kebugaran Kardiovaskular"",
    ""durasi_latihan"": ""<=30 menit"",
    ""kelengkapan_alat"": ""Dasar"",
    ""mood"": ""Bagus"",
    ""user_id"": 14
}",Bagus,explore,-5,"{
    ""usia"": ""Dewasa"",
    ""jenis_kelamin"": ""Pria"",
    ""kategori_bmi"": ""Berat badan normal"",
    ""kondisi_kesehatan"": ""Normal"",
    ""tingkat_kebugaran"": ""Sedang"",
    ""jenis_olahraga_favorit"": ""Kardio"",
    ""tujuan_workout"": ""Meningkatkan Kebugaran Kardiovaskular"",
    ""durasi_latihan"": ""<=30 menit"",
    ""kelengkapan_alat"": ""Dasar""
}",2025-07-22 13:19:24,2025-07-22 13:19:30,0
20,14,2,2025-07-22,"{
    ""usia"": ""Dewasa"",
    ""jenis_kelamin"": ""Pria"",
    ""kategori_bmi"": ""Berat badan normal"",
    ""kondisi_kesehatan"": ""Normal"",
    ""tingkat_kebugaran"": ""Sedang"",
    ""jenis_olahraga_favorit"": ""Kardio"",
    ""tujuan_workout"": ""Meningkatkan Kebugaran Kardiovaskular"",
    ""durasi_latihan"": ""<=30 menit"",
    ""kelengkapan_alat"": ""Dasar"",
    ""mood"": ""Bagus"",
    ""user_id"": 14
}",Bagus,explore,5,"{
    ""usia"": ""Dewasa"",
    ""jenis_kelamin"": ""Pria"",
    ""kategori_bmi"": ""Berat badan normal"",
    ""kondisi_kesehatan"": ""Normal"",
    ""tingkat_kebugaran"": ""Sedang"",
    ""jenis_olahraga_favorit"": ""Kardio"",
    ""tujuan_workout"": ""Meningkatkan Kebugaran Kardiovaskular"",
    ""durasi_latihan"": ""<=30 menit"",
    ""kelengkapan_alat"": ""Dasar""
}",2025-07-22 13:19:40,2025-07-22 13:19:43,0
21,15,35,2025-07-22,"{
    ""usia"": ""Dewasa"",
    ""jenis_kelamin"": ""Pria"",
    ""kategori_bmi"": ""Berat badan normal"",
    ""kondisi_kesehatan"": ""Normal"",
    ""tingkat_kebugaran"": ""Sedang"",
    ""jenis_olahraga_favorit"": ""Kardio"",
    ""tujuan_workout"": ""Menurunkan Berat Badan"",
    ""durasi_latihan"": ""<=30 menit"",
    ""kelengkapan_alat"": ""Tidak ada"",
    ""mood"": ""Bagus"",
    ""user_id"": 15
}",Bagus,explore,5,"{
    ""usia"": ""Dewasa"",
    ""jenis_kelamin"": ""Pria"",
    ""kategori_bmi"": ""Berat badan normal"",
    ""kondisi_kesehatan"": ""Normal"",
    ""tingkat_kebugaran"": ""Sedang"",
    ""jenis_olahraga_favorit"": ""Kardio"",
    ""tujuan_workout"": ""Menurunkan Berat Badan"",
    ""durasi_latihan"": ""<=30 menit"",
    ""kelengkapan_alat"": ""Tidak ada""
}",2025-07-22 13:21:08,2025-07-22 13:21:27,0
22,15,37,2025-07-22,"{
    ""usia"": ""Dewasa"",
    ""jenis_kelamin"": ""Pria"",
    ""kategori_bmi"": ""Berat badan normal"",
    ""kondisi_kesehatan"": ""Normal"",
    ""tingkat_kebugaran"": ""Sedang"",
    ""jenis_olahraga_favorit"": ""Kardio"",
    ""tujuan_workout"": ""Menurunkan Berat Badan"",
    ""durasi_latihan"": ""<=30 menit"",
    ""kelengkapan_alat"": ""Tidak ada"",
    ""mood"": ""Bagus"",
    ""user_id"": 15
}",Bagus,explore,5,"{
    ""usia"": ""Dewasa"",
    ""jenis_kelamin"": ""Pria"",
    ""kategori_bmi"": ""Berat badan normal"",
    ""kondisi_kesehatan"": ""Normal"",
    ""tingkat_kebugaran"": ""Sedang"",
    ""jenis_olahraga_favorit"": ""Kardio"",
    ""tujuan_workout"": ""Menurunkan Berat Badan"",
    ""durasi_latihan"": ""<=30 menit"",
    ""kelengkapan_alat"": ""Tidak ada""
}",2025-07-22 13:21:30,2025-07-22 13:21:37,0
23,15,34,2025-07-22,"{
    ""usia"": ""Dewasa"",
    ""jenis_kelamin"": ""Pria"",
    ""kategori_bmi"": ""Berat badan normal"",
    ""kondisi_kesehatan"": ""Normal"",
    ""tingkat_kebugaran"": ""Sedang"",
    ""jenis_olahraga_favorit"": ""Kardio"",
    ""tujuan_workout"": ""Menurunkan Berat Badan"",
    ""durasi_latihan"": ""<=30 menit"",
    ""kelengkapan_alat"": ""Tidak ada"",
    ""mood"": ""Bagus"",
    ""user_id"": 15
}",Bagus,explore,5,"{
    ""usia"": ""Dewasa"",
    ""jenis_kelamin"": ""Pria"",
    ""kategori_bmi"": ""Berat badan normal"",
    ""kondisi_kesehatan"": ""Normal"",
    ""tingkat_kebugaran"": ""Sedang"",
    ""jenis_olahraga_favorit"": ""Kardio"",
    ""tujuan_workout"": ""Menurunkan Berat Badan"",
    ""durasi_latihan"": ""<=30 menit"",
    ""kelengkapan_alat"": ""Tidak ada""
}",2025-07-22 13:21:40,2025-07-22 13:21:45,0
24,15,33,2025-07-22,"{
    ""usia"": ""Dewasa"",
    ""jenis_kelamin"": ""Pria"",
    ""kategori_bmi"": ""Berat badan normal"",
    ""kondisi_kesehatan"": ""Normal"",
    ""tingkat_kebugaran"": ""Sedang"",
    ""jenis_olahraga_favorit"": ""Kardio"",
    ""tujuan_workout"": ""Menurunkan Berat Badan"",
    ""durasi_latihan"": ""<=30 menit"",
    ""kelengkapan_alat"": ""Tidak ada"",
    ""mood"": ""Bagus"",
    ""user_id"": 15
}",Bagus,explore,-5,"{
    ""usia"": ""Dewasa"",
    ""jenis_kelamin"": ""Pria"",
    ""kategori_bmi"": ""Berat badan normal"",
    ""kondisi_kesehatan"": ""Normal"",
    ""tingkat_kebugaran"": ""Sedang"",
    ""jenis_olahraga_favorit"": ""Kardio"",
    ""tujuan_workout"": ""Menurunkan Berat Badan"",
    ""durasi_latihan"": ""<=30 menit"",
    ""kelengkapan_alat"": ""Tidak ada""
}",2025-07-22 13:21:49,2025-07-22 13:21:56,0
25,15,35,2025-07-22,"{
    ""usia"": ""Dewasa"",
    ""jenis_kelamin"": ""Pria"",
    ""kategori_bmi"": ""Berat badan normal"",
    ""kondisi_kesehatan"": ""Normal"",
    ""tingkat_kebugaran"": ""Sedang"",
    ""jenis_olahraga_favorit"": ""Kardio"",
    ""tujuan_workout"": ""Menurunkan Berat Badan"",
    ""durasi_latihan"": ""<=30 menit"",
    ""kelengkapan_alat"": ""Tidak ada"",
    ""mood"": ""Bagus"",
    ""user_id"": 15
}",Bagus,explore,5,"{
    ""usia"": ""Dewasa"",
    ""jenis_kelamin"": ""Pria"",
    ""kategori_bmi"": ""Berat badan normal"",
    ""kondisi_kesehatan"": ""Normal"",
    ""tingkat_kebugaran"": ""Sedang"",
    ""jenis_olahraga_favorit"": ""Kardio"",
    ""tujuan_workout"": ""Menurunkan Berat Badan"",
    ""durasi_latihan"": ""<=30 menit"",
    ""kelengkapan_alat"": ""Tidak ada""
}",2025-07-22 13:21:59,2025-07-22 13:22:03,0
26,15,35,2025-07-22,"{
    ""usia"": ""Dewasa"",
    ""jenis_kelamin"": ""Pria"",
    ""kategori_bmi"": ""Berat badan normal"",
    ""kondisi_kesehatan"": ""Normal"",
    ""tingkat_kebugaran"": ""Sedang"",
    ""jenis_olahraga_favorit"": ""Kardio"",
    ""tujuan_workout"": ""Menurunkan Berat Badan"",
    ""durasi_latihan"": ""<=30 menit"",
    ""kelengkapan_alat"": ""Tidak ada"",
    ""mood"": ""Bagus"",
    ""user_id"": 15
}",Bagus,explore,5,"{
    ""usia"": ""Dewasa"",
    ""jenis_kelamin"": ""Pria"",
    ""kategori_bmi"": ""Berat badan normal"",
    ""kondisi_kesehatan"": ""Normal"",
    ""tingkat_kebugaran"": ""Sedang"",
    ""jenis_olahraga_favorit"": ""Kardio"",
    ""tujuan_workout"": ""Menurunkan Berat Badan"",
    ""durasi_latihan"": ""<=30 menit"",
    ""kelengkapan_alat"": ""Tidak ada""
}",2025-07-22 13:22:06,2025-07-22 13:22:10,0
27,15,35,2025-07-22,"{
    ""usia"": ""Dewasa"",
    ""jenis_kelamin"": ""Pria"",
    ""kategori_bmi"": ""Berat badan normal"",
    ""kondisi_kesehatan"": ""Normal"",
    ""tingkat_kebugaran"": ""Sedang"",
    ""jenis_olahraga_favorit"": ""Kardio"",
    ""tujuan_workout"": ""Menurunkan Berat Badan"",
    ""durasi_latihan"": ""<=30 menit"",
    ""kelengkapan_alat"": ""Tidak ada"",
    ""mood"": ""Bagus"",
    ""user_id"": 15
}",Bagus,explore,5,"{
    ""usia"": ""Dewasa"",
    ""jenis_kelamin"": ""Pria"",
    ""kategori_bmi"": ""Berat badan normal"",
    ""kondisi_kesehatan"": ""Normal"",
    ""tingkat_kebugaran"": ""Sedang"",
    ""jenis_olahraga_favorit"": ""Kardio"",
    ""tujuan_workout"": ""Menurunkan Berat Badan"",
    ""durasi_latihan"": ""<=30 menit"",
    ""kelengkapan_alat"": ""Tidak ada""
}",2025-07-22 13:22:33,2025-07-22 13:22:36,0
28,15,35,2025-07-22,"{
    ""usia"": ""Dewasa"",
    ""jenis_kelamin"": ""Pria"",
    ""kategori_bmi"": ""Berat badan normal"",
    ""kondisi_kesehatan"": ""Normal"",
    ""tingkat_kebugaran"": ""Sedang"",
    ""jenis_olahraga_favorit"": ""Kardio"",
    ""tujuan_workout"": ""Menurunkan Berat Badan"",
    ""durasi_latihan"": ""<=30 menit"",
    ""kelengkapan_alat"": ""Tidak ada"",
    ""mood"": ""Bagus"",
    ""user_id"": 15
}",Bagus,exploit,5,"{
    ""usia"": ""Dewasa"",
    ""jenis_kelamin"": ""Pria"",
    ""kategori_bmi"": ""Berat badan normal"",
    ""kondisi_kesehatan"": ""Normal"",
    ""tingkat_kebugaran"": ""Sedang"",
    ""jenis_olahraga_favorit"": ""Kardio"",
    ""tujuan_workout"": ""Menurunkan Berat Badan"",
    ""durasi_latihan"": ""<=30 menit"",
    ""kelengkapan_alat"": ""Tidak ada""
}",2025-07-22 13:22:39,2025-07-22 13:22:53,0
29,15,35,2025-07-22,"{
    ""usia"": ""Dewasa"",
    ""jenis_kelamin"": ""Pria"",
    ""kategori_bmi"": ""Berat badan normal"",
    ""kondisi_kesehatan"": ""Normal"",
    ""tingkat_kebugaran"": ""Sedang"",
    ""jenis_olahraga_favorit"": ""Kardio"",
    ""tujuan_workout"": ""Menurunkan Berat Badan"",
    ""durasi_latihan"": ""<=30 menit"",
    ""kelengkapan_alat"": ""Tidak ada"",
    ""mood"": ""Bagus"",
    ""user_id"": 15
}",Bagus,explore,5,"{
    ""usia"": ""Dewasa"",
    ""jenis_kelamin"": ""Pria"",
    ""kategori_bmi"": ""Berat badan normal"",
    ""kondisi_kesehatan"": ""Normal"",
    ""tingkat_kebugaran"": ""Sedang"",
    ""jenis_olahraga_favorit"": ""Kardio"",
    ""tujuan_workout"": ""Menurunkan Berat Badan"",
    ""durasi_latihan"": ""<=30 menit"",
    ""kelengkapan_alat"": ""Tidak ada""
}",2025-07-22 13:23:02,2025-07-22 13:23:05,0
30,15,35,2025-07-22,"{
    ""usia"": ""Dewasa"",
    ""jenis_kelamin"": ""Pria"",
    ""kategori_bmi"": ""Berat badan normal"",
    ""kondisi_kesehatan"": ""Normal"",
    ""tingkat_kebugaran"": ""Sedang"",
    ""jenis_olahraga_favorit"": ""Kardio"",
    ""tujuan_workout"": ""Menurunkan Berat Badan"",
    ""durasi_latihan"": ""<=30 menit"",
    ""kelengkapan_alat"": ""Tidak ada"",
    ""mood"": ""Bagus"",
    ""user_id"": 15
}",Bagus,explore,5,"{
    ""usia"": ""Dewasa"",
    ""jenis_kelamin"": ""Pria"",
    ""kategori_bmi"": ""Berat badan normal"",
    ""kondisi_kesehatan"": ""Normal"",
    ""tingkat_kebugaran"": ""Sedang"",
    ""jenis_olahraga_favorit"": ""Kardio"",
    ""tujuan_workout"": ""Menurunkan Berat Badan"",
    ""durasi_latihan"": ""<=30 menit"",
    ""kelengkapan_alat"": ""Tidak ada""
}",2025-07-22 13:23:08,2025-07-22 13:23:11,0
31,15,22,2025-07-22,"{
    ""usia"": ""Dewasa"",
    ""jenis_kelamin"": ""Pria"",
    ""kategori_bmi"": ""Berat badan normal"",
    ""kondisi_kesehatan"": ""Normal"",
    ""tingkat_kebugaran"": ""Sedang"",
    ""jenis_olahraga_favorit"": ""Kardio"",
    ""tujuan_workout"": ""Meningkatkan Massa Otot & Kekuatan"",
    ""durasi_latihan"": ""<=60 menit"",
    ""kelengkapan_alat"": ""Dasar"",
    ""mood"": ""Bagus"",
    ""user_id"": 15
}",Bagus,explore,-5,"{
    ""usia"": ""Dewasa"",
    ""jenis_kelamin"": ""Pria"",
    ""kategori_bmi"": ""Berat badan normal"",
    ""kondisi_kesehatan"": ""Normal"",
    ""tingkat_kebugaran"": ""Sedang"",
    ""jenis_olahraga_favorit"": ""Kardio"",
    ""tujuan_workout"": ""Meningkatkan Massa Otot & Kekuatan"",
    ""durasi_latihan"": ""<=60 menit"",
    ""kelengkapan_alat"": ""Dasar""
}",2025-07-22 13:24:03,2025-07-22 13:24:11,0
32,15,15,2025-07-22,"{
    ""usia"": ""Dewasa"",
    ""jenis_kelamin"": ""Pria"",
    ""kategori_bmi"": ""Berat badan normal"",
    ""kondisi_kesehatan"": ""Normal"",
    ""tingkat_kebugaran"": ""Sedang"",
    ""jenis_olahraga_favorit"": ""Kardio"",
    ""tujuan_workout"": ""Meningkatkan Massa Otot & Kekuatan"",
    ""durasi_latihan"": ""<=60 menit"",
    ""kelengkapan_alat"": ""Dasar"",
    ""mood"": ""Bagus"",
    ""user_id"": 15
}",Bagus,explore,2,"{
    ""usia"": ""Dewasa"",
    ""jenis_kelamin"": ""Pria"",
    ""kategori_bmi"": ""Berat badan normal"",
    ""kondisi_kesehatan"": ""Normal"",
    ""tingkat_kebugaran"": ""Sedang"",
    ""jenis_olahraga_favorit"": ""Kardio"",
    ""tujuan_workout"": ""Meningkatkan Massa Otot & Kekuatan"",
    ""durasi_latihan"": ""<=60 menit"",
    ""kelengkapan_alat"": ""Dasar""
}",2025-07-22 13:24:13,2025-07-22 13:24:17,0
33,15,24,2025-07-22,"{
    ""usia"": ""Dewasa"",
    ""jenis_kelamin"": ""Pria"",
    ""kategori_bmi"": ""Berat badan normal"",
    ""kondisi_kesehatan"": ""Normal"",
    ""tingkat_kebugaran"": ""Sedang"",
    ""jenis_olahraga_favorit"": ""Kardio"",
    ""tujuan_workout"": ""Meningkatkan Massa Otot & Kekuatan"",
    ""durasi_latihan"": ""<=60 menit"",
    ""kelengkapan_alat"": ""Dasar"",
    ""mood"": ""Bagus"",
    ""user_id"": 15
}",Bagus,explore,5,"{
    ""usia"": ""Dewasa"",
    ""jenis_kelamin"": ""Pria"",
    ""kategori_bmi"": ""Berat badan normal"",
    ""kondisi_kesehatan"": ""Normal"",
    ""tingkat_kebugaran"": ""Sedang"",
    ""jenis_olahraga_favorit"": ""Kardio"",
    ""tujuan_workout"": ""Meningkatkan Massa Otot & Kekuatan"",
    ""durasi_latihan"": ""<=60 menit"",
    ""kelengkapan_alat"": ""Dasar""
}",2025-07-22 13:24:19,2025-07-22 13:24:22,0
34,15,17,2025-07-22,"{
    ""usia"": ""Dewasa"",
    ""jenis_kelamin"": ""Pria"",
    ""kategori_bmi"": ""Berat badan normal"",
    ""kondisi_kesehatan"": ""Normal"",
    ""tingkat_kebugaran"": ""Sedang"",
    ""jenis_olahraga_favorit"": ""Kardio"",
    ""tujuan_workout"": ""Meningkatkan Massa Otot & Kekuatan"",
    ""durasi_latihan"": ""<=60 menit"",
    ""kelengkapan_alat"": ""Dasar"",
    ""mood"": ""Bagus"",
    ""user_id"": 15
}",Bagus,explore,2,"{
    ""usia"": ""Dewasa"",
    ""jenis_kelamin"": ""Pria"",
    ""kategori_bmi"": ""Berat badan normal"",
    ""kondisi_kesehatan"": ""Normal"",
    ""tingkat_kebugaran"": ""Sedang"",
    ""jenis_olahraga_favorit"": ""Kardio"",
    ""tujuan_workout"": ""Meningkatkan Massa Otot & Kekuatan"",
    ""durasi_latihan"": ""<=60 menit"",
    ""kelengkapan_alat"": ""Dasar""
}",2025-07-22 13:24:24,2025-07-22 13:24:28,0
35,15,20,2025-07-22,"{
    ""usia"": ""Dewasa"",
    ""jenis_kelamin"": ""Pria"",
    ""kategori_bmi"": ""Berat badan normal"",
    ""kondisi_kesehatan"": ""Normal"",
    ""tingkat_kebugaran"": ""Sedang"",
    ""jenis_olahraga_favorit"": ""Kardio"",
    ""tujuan_workout"": ""Meningkatkan Massa Otot & Kekuatan"",
    ""durasi_latihan"": ""<=60 menit"",
    ""kelengkapan_alat"": ""Dasar"",
    ""mood"": ""Bagus"",
    ""user_id"": 15
}",Bagus,explore,5,"{
    ""usia"": ""Dewasa"",
    ""jenis_kelamin"": ""Pria"",
    ""kategori_bmi"": ""Berat badan normal"",
    ""kondisi_kesehatan"": ""Normal"",
    ""tingkat_kebugaran"": ""Sedang"",
    ""jenis_olahraga_favorit"": ""Kardio"",
    ""tujuan_workout"": ""Meningkatkan Massa Otot & Kekuatan"",
    ""durasi_latihan"": ""<=60 menit"",
    ""kelengkapan_alat"": ""Dasar""
}",2025-07-22 13:24:31,2025-07-22 13:24:35,0
36,15,22,2025-07-22,"{
    ""usia"": ""Dewasa"",
    ""jenis_kelamin"": ""Pria"",
    ""kategori_bmi"": ""Berat badan normal"",
    ""kondisi_kesehatan"": ""Normal"",
    ""tingkat_kebugaran"": ""Sedang"",
    ""jenis_olahraga_favorit"": ""Kardio"",
    ""tujuan_workout"": ""Meningkatkan Massa Otot & Kekuatan"",
    ""durasi_latihan"": ""<=60 menit"",
    ""kelengkapan_alat"": ""Dasar"",
    ""mood"": ""Bagus"",
    ""user_id"": 15
}",Bagus,explore,-5,"{
    ""usia"": ""Dewasa"",
    ""jenis_kelamin"": ""Pria"",
    ""kategori_bmi"": ""Berat badan normal"",
    ""kondisi_kesehatan"": ""Normal"",
    ""tingkat_kebugaran"": ""Sedang"",
    ""jenis_olahraga_favorit"": ""Kardio"",
    ""tujuan_workout"": ""Meningkatkan Massa Otot & Kekuatan"",
    ""durasi_latihan"": ""<=60 menit"",
    ""kelengkapan_alat"": ""Dasar""
}",2025-07-22 13:24:47,2025-07-22 13:24:50,0
37,15,15,2025-07-22,"{
    ""usia"": ""Dewasa"",
    ""jenis_kelamin"": ""Pria"",
    ""kategori_bmi"": ""Berat badan normal"",
    ""kondisi_kesehatan"": ""Normal"",
    ""tingkat_kebugaran"": ""Sedang"",
    ""jenis_olahraga_favorit"": ""Kardio"",
    ""tujuan_workout"": ""Meningkatkan Massa Otot & Kekuatan"",
    ""durasi_latihan"": ""<=60 menit"",
    ""kelengkapan_alat"": ""Dasar"",
    ""mood"": ""Bagus"",
    ""user_id"": 15
}",Bagus,explore,2,"{
    ""usia"": ""Dewasa"",
    ""jenis_kelamin"": ""Pria"",
    ""kategori_bmi"": ""Berat badan normal"",
    ""kondisi_kesehatan"": ""Normal"",
    ""tingkat_kebugaran"": ""Sedang"",
    ""jenis_olahraga_favorit"": ""Kardio"",
    ""tujuan_workout"": ""Meningkatkan Massa Otot & Kekuatan"",
    ""durasi_latihan"": ""<=60 menit"",
    ""kelengkapan_alat"": ""Dasar""
}",2025-07-22 13:24:53,2025-07-22 13:24:56,0
38,15,26,2025-07-22,"{
    ""usia"": ""Dewasa"",
    ""jenis_kelamin"": ""Pria"",
    ""kategori_bmi"": ""Berat badan normal"",
    ""kondisi_kesehatan"": ""Normal"",
    ""tingkat_kebugaran"": ""Sedang"",
    ""jenis_olahraga_favorit"": ""Kardio"",
    ""tujuan_workout"": ""Meningkatkan Massa Otot & Kekuatan"",
    ""durasi_latihan"": ""<=60 menit"",
    ""kelengkapan_alat"": ""Dasar"",
    ""mood"": ""Bagus"",
    ""user_id"": 15
}",Bagus,explore,-5,"{
    ""usia"": ""Dewasa"",
    ""jenis_kelamin"": ""Pria"",
    ""kategori_bmi"": ""Berat badan normal"",
    ""kondisi_kesehatan"": ""Normal"",
    ""tingkat_kebugaran"": ""Sedang"",
    ""jenis_olahraga_favorit"": ""Kardio"",
    ""tujuan_workout"": ""Meningkatkan Massa Otot & Kekuatan"",
    ""durasi_latihan"": ""<=60 menit"",
    ""kelengkapan_alat"": ""Dasar""
}",2025-07-22 13:24:59,2025-07-22 13:25:03,0
39,15,24,2025-07-22,"{
    ""usia"": ""Dewasa"",
    ""jenis_kelamin"": ""Pria"",
    ""kategori_bmi"": ""Berat badan normal"",
    ""kondisi_kesehatan"": ""Normal"",
    ""tingkat_kebugaran"": ""Sedang"",
    ""jenis_olahraga_favorit"": ""Kardio"",
    ""tujuan_workout"": ""Meningkatkan Massa Otot & Kekuatan"",
    ""durasi_latihan"": ""<=60 menit"",
    ""kelengkapan_alat"": ""Dasar"",
    ""mood"": ""Bagus"",
    ""user_id"": 15
}",Bagus,explore,5,"{
    ""usia"": ""Dewasa"",
    ""jenis_kelamin"": ""Pria"",
    ""kategori_bmi"": ""Berat badan normal"",
    ""kondisi_kesehatan"": ""Normal"",
    ""tingkat_kebugaran"": ""Sedang"",
    ""jenis_olahraga_favorit"": ""Kardio"",
    ""tujuan_workout"": ""Meningkatkan Massa Otot & Kekuatan"",
    ""durasi_latihan"": ""<=60 menit"",
    ""kelengkapan_alat"": ""Dasar""
}",2025-07-22 13:25:06,2025-07-22 13:25:09,0
40,15,24,2025-07-22,"{
    ""usia"": ""Dewasa"",
    ""jenis_kelamin"": ""Pria"",
    ""kategori_bmi"": ""Berat badan normal"",
    ""kondisi_kesehatan"": ""Normal"",
    ""tingkat_kebugaran"": ""Sedang"",
    ""jenis_olahraga_favorit"": ""Kardio"",
    ""tujuan_workout"": ""Meningkatkan Massa Otot & Kekuatan"",
    ""durasi_latihan"": ""<=60 menit"",
    ""kelengkapan_alat"": ""Dasar"",
    ""mood"": ""Bagus"",
    ""user_id"": 15
}",Bagus,exploit,5,"{
    ""usia"": ""Dewasa"",
    ""jenis_kelamin"": ""Pria"",
    ""kategori_bmi"": ""Berat badan normal"",
    ""kondisi_kesehatan"": ""Normal"",
    ""tingkat_kebugaran"": ""Sedang"",
    ""jenis_olahraga_favorit"": ""Kardio"",
    ""tujuan_workout"": ""Meningkatkan Massa Otot & Kekuatan"",
    ""durasi_latihan"": ""<=60 menit"",
    ""kelengkapan_alat"": ""Dasar""
}",2025-07-22 13:25:20,2025-07-22 13:25:23,0
41,16,15,2025-07-22,"{
    ""usia"": ""Dewasa"",
    ""jenis_kelamin"": ""Pria"",
    ""kategori_bmi"": ""Berat badan kurang"",
    ""kondisi_kesehatan"": ""Normal"",
    ""tingkat_kebugaran"": ""Sedang"",
    ""jenis_olahraga_favorit"": ""Kardio"",
    ""tujuan_workout"": ""Meningkatkan Massa Otot & Kekuatan"",
    ""durasi_latihan"": ""<=60 menit"",
    ""kelengkapan_alat"": ""Dasar"",
    ""mood"": ""Bagus"",
    ""user_id"": 16
}",Bagus,explore,2,"{
    ""usia"": ""Dewasa"",
    ""jenis_kelamin"": ""Pria"",
    ""kategori_bmi"": ""Berat badan kurang"",
    ""kondisi_kesehatan"": ""Normal"",
    ""tingkat_kebugaran"": ""Sedang"",
    ""jenis_olahraga_favorit"": ""Kardio"",
    ""tujuan_workout"": ""Meningkatkan Massa Otot & Kekuatan"",
    ""durasi_latihan"": ""<=60 menit"",
    ""kelengkapan_alat"": ""Dasar""
}",2025-07-22 17:11:22,2025-07-22 17:12:02,0
42,16,16,2025-07-22,"{
    ""usia"": ""Dewasa"",
    ""jenis_kelamin"": ""Pria"",
    ""kategori_bmi"": ""Berat badan kurang"",
    ""kondisi_kesehatan"": ""Normal"",
    ""tingkat_kebugaran"": ""Sedang"",
    ""jenis_olahraga_favorit"": ""Kardio"",
    ""tujuan_workout"": ""Meningkatkan Massa Otot & Kekuatan"",
    ""durasi_latihan"": ""<=60 menit"",
    ""kelengkapan_alat"": ""Dasar"",
    ""mood"": ""Bagus"",
    ""user_id"": 16
}",Bagus,explore,5,"{
    ""usia"": ""Dewasa"",
    ""jenis_kelamin"": ""Pria"",
    ""kategori_bmi"": ""Berat badan kurang"",
    ""kondisi_kesehatan"": ""Normal"",
    ""tingkat_kebugaran"": ""Sedang"",
    ""jenis_olahraga_favorit"": ""Kardio"",
    ""tujuan_workout"": ""Meningkatkan Massa Otot & Kekuatan"",
    ""durasi_latihan"": ""<=60 menit"",
    ""kelengkapan_alat"": ""Dasar""
}",2025-07-22 17:11:23,2025-07-22 17:11:30,0
43,16,21,2025-07-22,"{
    ""usia"": ""Dewasa"",
    ""jenis_kelamin"": ""Pria"",
    ""kategori_bmi"": ""Berat badan kurang"",
    ""kondisi_kesehatan"": ""Normal"",
    ""tingkat_kebugaran"": ""Sedang"",
    ""jenis_olahraga_favorit"": ""Kardio"",
    ""tujuan_workout"": ""Meningkatkan Massa Otot & Kekuatan"",
    ""durasi_latihan"": ""<=60 menit"",
    ""kelengkapan_alat"": ""Dasar"",
    ""mood"": ""Bagus"",
    ""user_id"": 16
}",Bagus,explore,5,"{
    ""usia"": ""Dewasa"",
    ""jenis_kelamin"": ""Pria"",
    ""kategori_bmi"": ""Berat badan kurang"",
    ""kondisi_kesehatan"": ""Normal"",
    ""tingkat_kebugaran"": ""Sedang"",
    ""jenis_olahraga_favorit"": ""Kardio"",
    ""tujuan_workout"": ""Meningkatkan Massa Otot & Kekuatan"",
    ""durasi_latihan"": ""<=60 menit"",
    ""kelengkapan_alat"": ""Dasar""
}",2025-07-22 17:11:23,2025-07-22 17:11:51,0
44,16,22,2025-07-22,"{
    ""usia"": ""Dewasa"",
    ""jenis_kelamin"": ""Pria"",
    ""kategori_bmi"": ""Berat badan kurang"",
    ""kondisi_kesehatan"": ""Normal"",
    ""tingkat_kebugaran"": ""Sedang"",
    ""jenis_olahraga_favorit"": ""Kardio"",
    ""tujuan_workout"": ""Meningkatkan Massa Otot & Kekuatan"",
    ""durasi_latihan"": ""<=60 menit"",
    ""kelengkapan_alat"": ""Dasar"",
    ""mood"": ""Bagus"",
    ""user_id"": 16
}",Bagus,explore,-5,"{
    ""usia"": ""Dewasa"",
    ""jenis_kelamin"": ""Pria"",
    ""kategori_bmi"": ""Berat badan kurang"",
    ""kondisi_kesehatan"": ""Normal"",
    ""tingkat_kebugaran"": ""Sedang"",
    ""jenis_olahraga_favorit"": ""Kardio"",
    ""tujuan_workout"": ""Meningkatkan Massa Otot & Kekuatan"",
    ""durasi_latihan"": ""<=60 menit"",
    ""kelengkapan_alat"": ""Dasar""
}",2025-07-22 17:12:11,2025-07-22 17:12:20,0
45,16,20,2025-07-22,"{
    ""usia"": ""Dewasa"",
    ""jenis_kelamin"": ""Pria"",
    ""kategori_bmi"": ""Berat badan kurang"",
    ""kondisi_kesehatan"": ""Normal"",
    ""tingkat_kebugaran"": ""Sedang"",
    ""jenis_olahraga_favorit"": ""Kardio"",
    ""tujuan_workout"": ""Meningkatkan Massa Otot & Kekuatan"",
    ""durasi_latihan"": ""<=60 menit"",
    ""kelengkapan_alat"": ""Dasar"",
    ""mood"": ""Bagus"",
    ""user_id"": 16
}",Bagus,explore,5,"{
    ""usia"": ""Dewasa"",
    ""jenis_kelamin"": ""Pria"",
    ""kategori_bmi"": ""Berat badan kurang"",
    ""kondisi_kesehatan"": ""Normal"",
    ""tingkat_kebugaran"": ""Sedang"",
    ""jenis_olahraga_favorit"": ""Kardio"",
    ""tujuan_workout"": ""Meningkatkan Massa Otot & Kekuatan"",
    ""durasi_latihan"": ""<=60 menit"",
    ""kelengkapan_alat"": ""Dasar""
}",2025-07-22 17:12:26,2025-07-22 17:12:32,0
46,16,18,2025-07-22,"{
    ""usia"": ""Dewasa"",
    ""jenis_kelamin"": ""Pria"",
    ""kategori_bmi"": ""Berat badan kurang"",
    ""kondisi_kesehatan"": ""Normal"",
    ""tingkat_kebugaran"": ""Sedang"",
    ""jenis_olahraga_favorit"": ""Kardio"",
    ""tujuan_workout"": ""Meningkatkan Massa Otot & Kekuatan"",
    ""durasi_latihan"": ""<=60 menit"",
    ""kelengkapan_alat"": ""Dasar"",
    ""mood"": ""Bagus"",
    ""user_id"": 16
}",Bagus,explore,5,"{
    ""usia"": ""Dewasa"",
    ""jenis_kelamin"": ""Pria"",
    ""kategori_bmi"": ""Berat badan kurang"",
    ""kondisi_kesehatan"": ""Normal"",
    ""tingkat_kebugaran"": ""Sedang"",
    ""jenis_olahraga_favorit"": ""Kardio"",
    ""tujuan_workout"": ""Meningkatkan Massa Otot & Kekuatan"",
    ""durasi_latihan"": ""<=60 menit"",
    ""kelengkapan_alat"": ""Dasar""
}",2025-07-22 17:12:38,2025-07-22 17:12:42,0
47,16,21,2025-07-22,"{
    ""usia"": ""Dewasa"",
    ""jenis_kelamin"": ""Pria"",
    ""kategori_bmi"": ""Berat badan kurang"",
    ""kondisi_kesehatan"": ""Normal"",
    ""tingkat_kebugaran"": ""Sedang"",
    ""jenis_olahraga_favorit"": ""Kardio"",
    ""tujuan_workout"": ""Meningkatkan Massa Otot & Kekuatan"",
    ""durasi_latihan"": ""<=60 menit"",
    ""kelengkapan_alat"": ""Dasar"",
    ""mood"": ""Bagus"",
    ""user_id"": 16
}",Bagus,exploit,5,"{
    ""usia"": ""Dewasa"",
    ""jenis_kelamin"": ""Pria"",
    ""kategori_bmi"": ""Berat badan kurang"",
    ""kondisi_kesehatan"": ""Normal"",
    ""tingkat_kebugaran"": ""Sedang"",
    ""jenis_olahraga_favorit"": ""Kardio"",
    ""tujuan_workout"": ""Meningkatkan Massa Otot & Kekuatan"",
    ""durasi_latihan"": ""<=60 menit"",
    ""kelengkapan_alat"": ""Dasar""
}",2025-07-22 17:12:49,2025-07-22 17:12:54,0
48,16,21,2025-07-22,"{
    ""usia"": ""Dewasa"",
    ""jenis_kelamin"": ""Pria"",
    ""kategori_bmi"": ""Berat badan kurang"",
    ""kondisi_kesehatan"": ""Normal"",
    ""tingkat_kebugaran"": ""Sedang"",
    ""jenis_olahraga_favorit"": ""Kardio"",
    ""tujuan_workout"": ""Meningkatkan Massa Otot & Kekuatan"",
    ""durasi_latihan"": ""<=60 menit"",
    ""kelengkapan_alat"": ""Dasar"",
    ""mood"": ""Bagus"",
    ""user_id"": 16
}",Bagus,exploit,5,"{
    ""usia"": ""Dewasa"",
    ""jenis_kelamin"": ""Pria"",
    ""kategori_bmi"": ""Berat badan kurang"",
    ""kondisi_kesehatan"": ""Normal"",
    ""tingkat_kebugaran"": ""Sedang"",
    ""jenis_olahraga_favorit"": ""Kardio"",
    ""tujuan_workout"": ""Meningkatkan Massa Otot & Kekuatan"",
    ""durasi_latihan"": ""<=60 menit"",
    ""kelengkapan_alat"": ""Dasar""
}",2025-07-22 17:12:56,2025-07-22 17:13:01,0
49,16,23,2025-07-22,"{
    ""usia"": ""Dewasa"",
    ""jenis_kelamin"": ""Pria"",
    ""kategori_bmi"": ""Berat badan kurang"",
    ""kondisi_kesehatan"": ""Normal"",
    ""tingkat_kebugaran"": ""Sedang"",
    ""jenis_olahraga_favorit"": ""Kardio"",
    ""tujuan_workout"": ""Meningkatkan Massa Otot & Kekuatan"",
    ""durasi_latihan"": ""<=60 menit"",
    ""kelengkapan_alat"": ""Dasar"",
    ""mood"": ""Bagus"",
    ""user_id"": 16
}",Bagus,explore,2,"{
    ""usia"": ""Dewasa"",
    ""jenis_kelamin"": ""Pria"",
    ""kategori_bmi"": ""Berat badan kurang"",
    ""kondisi_kesehatan"": ""Normal"",
    ""tingkat_kebugaran"": ""Sedang"",
    ""jenis_olahraga_favorit"": ""Kardio"",
    ""tujuan_workout"": ""Meningkatkan Massa Otot & Kekuatan"",
    ""durasi_latihan"": ""<=60 menit"",
    ""kelengkapan_alat"": ""Dasar""
}",2025-07-22 17:13:07,2025-07-22 17:13:11,0
50,16,15,2025-07-22,"{
    ""usia"": ""Dewasa"",
    ""jenis_kelamin"": ""Pria"",
    ""kategori_bmi"": ""Berat badan kurang"",
    ""kondisi_kesehatan"": ""Normal"",
    ""tingkat_kebugaran"": ""Sedang"",
    ""jenis_olahraga_favorit"": ""Kardio"",
    ""tujuan_workout"": ""Meningkatkan Massa Otot & Kekuatan"",
    ""durasi_latihan"": ""<=60 menit"",
    ""kelengkapan_alat"": ""Dasar"",
    ""mood"": ""Bagus"",
    ""user_id"": 16
}",Bagus,explore,2,"{
    ""usia"": ""Dewasa"",
    ""jenis_kelamin"": ""Pria"",
    ""kategori_bmi"": ""Berat badan kurang"",
    ""kondisi_kesehatan"": ""Normal"",
    ""tingkat_kebugaran"": ""Sedang"",
    ""jenis_olahraga_favorit"": ""Kardio"",
    ""tujuan_workout"": ""Meningkatkan Massa Otot & Kekuatan"",
    ""durasi_latihan"": ""<=60 menit"",
    ""kelengkapan_alat"": ""Dasar""
}",2025-07-22 17:13:14,2025-07-22 17:13:18,0
51,16,24,2025-07-22,"{
    ""usia"": ""Dewasa"",
    ""jenis_kelamin"": ""Pria"",
    ""kategori_bmi"": ""Berat badan kurang"",
    ""kondisi_kesehatan"": ""Normal"",
    ""tingkat_kebugaran"": ""Tinggi"",
    ""jenis_olahraga_favorit"": ""Kardio"",
    ""tujuan_workout"": ""Meningkatkan Massa Otot & Kekuatan"",
    ""durasi_latihan"": ""<=60 menit"",
    ""kelengkapan_alat"": ""Dasar"",
    ""mood"": ""Bagus"",
    ""user_id"": 16
}",Bagus,explore,2,"{
    ""usia"": ""Dewasa"",
    ""jenis_kelamin"": ""Pria"",
    ""kategori_bmi"": ""Berat badan kurang"",
    ""kondisi_kesehatan"": ""Normal"",
    ""tingkat_kebugaran"": ""Tinggi"",
    ""jenis_olahraga_favorit"": ""Kardio"",
    ""tujuan_workout"": ""Meningkatkan Massa Otot & Kekuatan"",
    ""durasi_latihan"": ""<=60 menit"",
    ""kelengkapan_alat"": ""Dasar""
}",2025-07-22 17:13:44,2025-07-22 17:13:50,0
52,16,15,2025-07-22,"{
    ""usia"": ""Dewasa"",
    ""jenis_kelamin"": ""Pria"",
    ""kategori_bmi"": ""Berat badan kurang"",
    ""kondisi_kesehatan"": ""Normal"",
    ""tingkat_kebugaran"": ""Tinggi"",
    ""jenis_olahraga_favorit"": ""Kardio"",
    ""tujuan_workout"": ""Meningkatkan Massa Otot & Kekuatan"",
    ""durasi_latihan"": ""<=60 menit"",
    ""kelengkapan_alat"": ""Dasar"",
    ""mood"": ""Bagus"",
    ""user_id"": 16
}",Bagus,explore,2,"{
    ""usia"": ""Dewasa"",
    ""jenis_kelamin"": ""Pria"",
    ""kategori_bmi"": ""Berat badan kurang"",
    ""kondisi_kesehatan"": ""Normal"",
    ""tingkat_kebugaran"": ""Tinggi"",
    ""jenis_olahraga_favorit"": ""Kardio"",
    ""tujuan_workout"": ""Meningkatkan Massa Otot & Kekuatan"",
    ""durasi_latihan"": ""<=60 menit"",
    ""kelengkapan_alat"": ""Dasar""
}",2025-07-22 17:13:53,2025-07-22 17:13:56,0
53,16,17,2025-07-22,"{
    ""usia"": ""Dewasa"",
    ""jenis_kelamin"": ""Pria"",
    ""kategori_bmi"": ""Berat badan kurang"",
    ""kondisi_kesehatan"": ""Normal"",
    ""tingkat_kebugaran"": ""Tinggi"",
    ""jenis_olahraga_favorit"": ""Kardio"",
    ""tujuan_workout"": ""Meningkatkan Massa Otot & Kekuatan"",
    ""durasi_latihan"": ""<=60 menit"",
    ""kelengkapan_alat"": ""Dasar"",
    ""mood"": ""Bagus"",
    ""user_id"": 16
}",Bagus,explore,2,"{
    ""usia"": ""Dewasa"",
    ""jenis_kelamin"": ""Pria"",
    ""kategori_bmi"": ""Berat badan kurang"",
    ""kondisi_kesehatan"": ""Normal"",
    ""tingkat_kebugaran"": ""Tinggi"",
    ""jenis_olahraga_favorit"": ""Kardio"",
    ""tujuan_workout"": ""Meningkatkan Massa Otot & Kekuatan"",
    ""durasi_latihan"": ""<=60 menit"",
    ""kelengkapan_alat"": ""Dasar""
}",2025-07-22 17:13:59,2025-07-22 17:14:02,0
54,16,26,2025-07-22,"{
    ""usia"": ""Dewasa"",
    ""jenis_kelamin"": ""Pria"",
    ""kategori_bmi"": ""Berat badan kurang"",
    ""kondisi_kesehatan"": ""Normal"",
    ""tingkat_kebugaran"": ""Tinggi"",
    ""jenis_olahraga_favorit"": ""Kardio"",
    ""tujuan_workout"": ""Meningkatkan Massa Otot & Kekuatan"",
    ""durasi_latihan"": ""<=60 menit"",
    ""kelengkapan_alat"": ""Dasar"",
    ""mood"": ""Bagus"",
    ""user_id"": 16
}",Bagus,explore,5,"{
    ""usia"": ""Dewasa"",
    ""jenis_kelamin"": ""Pria"",
    ""kategori_bmi"": ""Berat badan kurang"",
    ""kondisi_kesehatan"": ""Normal"",
    ""tingkat_kebugaran"": ""Tinggi"",
    ""jenis_olahraga_favorit"": ""Kardio"",
    ""tujuan_workout"": ""Meningkatkan Massa Otot & Kekuatan"",
    ""durasi_latihan"": ""<=60 menit"",
    ""kelengkapan_alat"": ""Dasar""
}",2025-07-22 17:14:05,2025-07-22 17:14:09,0
55,16,15,2025-07-22,"{
    ""usia"": ""Dewasa"",
    ""jenis_kelamin"": ""Pria"",
    ""kategori_bmi"": ""Berat badan kurang"",
    ""kondisi_kesehatan"": ""Normal"",
    ""tingkat_kebugaran"": ""Tinggi"",
    ""jenis_olahraga_favorit"": ""Kardio"",
    ""tujuan_workout"": ""Meningkatkan Massa Otot & Kekuatan"",
    ""durasi_latihan"": ""<=60 menit"",
    ""kelengkapan_alat"": ""Dasar"",
    ""mood"": ""Bagus"",
    ""user_id"": 16
}",Bagus,exploit,2,"{
    ""usia"": ""Dewasa"",
    ""jenis_kelamin"": ""Pria"",
    ""kategori_bmi"": ""Berat badan kurang"",
    ""kondisi_kesehatan"": ""Normal"",
    ""tingkat_kebugaran"": ""Tinggi"",
    ""jenis_olahraga_favorit"": ""Kardio"",
    ""tujuan_workout"": ""Meningkatkan Massa Otot & Kekuatan"",
    ""durasi_latihan"": ""<=60 menit"",
    ""kelengkapan_alat"": ""Dasar""
}",2025-07-22 17:14:12,2025-07-22 17:14:15,0
56,16,18,2025-07-22,"{
    ""usia"": ""Dewasa"",
    ""jenis_kelamin"": ""Pria"",
    ""kategori_bmi"": ""Berat badan kurang"",
    ""kondisi_kesehatan"": ""Normal"",
    ""tingkat_kebugaran"": ""Tinggi"",
    ""jenis_olahraga_favorit"": ""Kardio"",
    ""tujuan_workout"": ""Meningkatkan Massa Otot & Kekuatan"",
    ""durasi_latihan"": ""<=60 menit"",
    ""kelengkapan_alat"": ""Dasar"",
    ""mood"": ""Bagus"",
    ""user_id"": 16
}",Bagus,explore,2,"{
    ""usia"": ""Dewasa"",
    ""jenis_kelamin"": ""Pria"",
    ""kategori_bmi"": ""Berat badan kurang"",
    ""kondisi_kesehatan"": ""Normal"",
    ""tingkat_kebugaran"": ""Tinggi"",
    ""jenis_olahraga_favorit"": ""Kardio"",
    ""tujuan_workout"": ""Meningkatkan Massa Otot & Kekuatan"",
    ""durasi_latihan"": ""<=60 menit"",
    ""kelengkapan_alat"": ""Dasar""
}",2025-07-22 17:14:17,2025-07-22 17:14:20,0
57,16,15,2025-07-22,"{
    ""usia"": ""Dewasa"",
    ""jenis_kelamin"": ""Pria"",
    ""kategori_bmi"": ""Berat badan kurang"",
    ""kondisi_kesehatan"": ""Normal"",
    ""tingkat_kebugaran"": ""Tinggi"",
    ""jenis_olahraga_favorit"": ""Kardio"",
    ""tujuan_workout"": ""Meningkatkan Massa Otot & Kekuatan"",
    ""durasi_latihan"": ""<=60 menit"",
    ""kelengkapan_alat"": ""Dasar"",
    ""mood"": ""Bagus"",
    ""user_id"": 16
}",Bagus,exploit,2,"{
    ""usia"": ""Dewasa"",
    ""jenis_kelamin"": ""Pria"",
    ""kategori_bmi"": ""Berat badan kurang"",
    ""kondisi_kesehatan"": ""Normal"",
    ""tingkat_kebugaran"": ""Tinggi"",
    ""jenis_olahraga_favorit"": ""Kardio"",
    ""tujuan_workout"": ""Meningkatkan Massa Otot & Kekuatan"",
    ""durasi_latihan"": ""<=60 menit"",
    ""kelengkapan_alat"": ""Dasar""
}",2025-07-22 17:14:31,2025-07-22 17:14:36,0
58,16,16,2025-07-22,"{
    ""usia"": ""Dewasa"",
    ""jenis_kelamin"": ""Pria"",
    ""kategori_bmi"": ""Berat badan kurang"",
    ""kondisi_kesehatan"": ""Normal"",
    ""tingkat_kebugaran"": ""Tinggi"",
    ""jenis_olahraga_favorit"": ""Kardio"",
    ""tujuan_workout"": ""Meningkatkan Massa Otot & Kekuatan"",
    ""durasi_latihan"": ""<=60 menit"",
    ""kelengkapan_alat"": ""Dasar"",
    ""mood"": ""Bagus"",
    ""user_id"": 16
}",Bagus,explore,2,"{
    ""usia"": ""Dewasa"",
    ""jenis_kelamin"": ""Pria"",
    ""kategori_bmi"": ""Berat badan kurang"",
    ""kondisi_kesehatan"": ""Normal"",
    ""tingkat_kebugaran"": ""Tinggi"",
    ""jenis_olahraga_favorit"": ""Kardio"",
    ""tujuan_workout"": ""Meningkatkan Massa Otot & Kekuatan"",
    ""durasi_latihan"": ""<=60 menit"",
    ""kelengkapan_alat"": ""Dasar""
}",2025-07-22 17:14:38,2025-07-22 17:14:42,0
59,16,15,2025-07-22,"{
    ""usia"": ""Dewasa"",
    ""jenis_kelamin"": ""Pria"",
    ""kategori_bmi"": ""Berat badan kurang"",
    ""kondisi_kesehatan"": ""Normal"",
    ""tingkat_kebugaran"": ""Tinggi"",
    ""jenis_olahraga_favorit"": ""Kardio"",
    ""tujuan_workout"": ""Meningkatkan Massa Otot & Kekuatan"",
    ""durasi_latihan"": ""<=60 menit"",
    ""kelengkapan_alat"": ""Dasar"",
    ""mood"": ""Bagus"",
    ""user_id"": 16
}",Bagus,explore,2,"{
    ""usia"": ""Dewasa"",
    ""jenis_kelamin"": ""Pria"",
    ""kategori_bmi"": ""Berat badan kurang"",
    ""kondisi_kesehatan"": ""Normal"",
    ""tingkat_kebugaran"": ""Tinggi"",
    ""jenis_olahraga_favorit"": ""Kardio"",
    ""tujuan_workout"": ""Meningkatkan Massa Otot & Kekuatan"",
    ""durasi_latihan"": ""<=60 menit"",
    ""kelengkapan_alat"": ""Dasar""
}",2025-07-22 17:14:50,2025-07-22 17:14:53,0
60,16,16,2025-07-22,"{
    ""usia"": ""Dewasa"",
    ""jenis_kelamin"": ""Pria"",
    ""kategori_bmi"": ""Berat badan kurang"",
    ""kondisi_kesehatan"": ""Normal"",
    ""tingkat_kebugaran"": ""Tinggi"",
    ""jenis_olahraga_favorit"": ""Kardio"",
    ""tujuan_workout"": ""Meningkatkan Massa Otot & Kekuatan"",
    ""durasi_latihan"": ""<=60 menit"",
    ""kelengkapan_alat"": ""Dasar"",
    ""mood"": ""Bagus"",
    ""user_id"": 16
}",Bagus,explore,2,"{
    ""usia"": ""Dewasa"",
    ""jenis_kelamin"": ""Pria"",
    ""kategori_bmi"": ""Berat badan kurang"",
    ""kondisi_kesehatan"": ""Normal"",
    ""tingkat_kebugaran"": ""Tinggi"",
    ""jenis_olahraga_favorit"": ""Kardio"",
    ""tujuan_workout"": ""Meningkatkan Massa Otot & Kekuatan"",
    ""durasi_latihan"": ""<=60 menit"",
    ""kelengkapan_alat"": ""Dasar""
}",2025-07-22 17:14:56,2025-07-22 17:15:10,0
